Gender,Issue Age,Deferral Period,Average Single Premium,Weight per Policy
1,35,50,45486.11111,0.008072249
1,40,45,37079.40075,0.048804199
1,50,35,40956.03604,0.056026582
1,60,25,35300.55019,0.068650184
1,70,15,39787.67507,0.070021273
1,75,10,39787.67507,0.070021273
2,35,50,33205.12821,0.003191927
2,40,45,33388.88889,0.059254002
2,50,35,35921.99057,0.131483143
2,60,25,36015.48246,0.20239851
2,70,15,36609.59693,0.141038329
2,75,10,36609.59693,0.141038329
